country_code,country_name,cereal_yield_kg_per_ha,fertiliser_kg_per_ha,arable_land_pct,irrigated_land_pct,livestock_production_index,gdp_per_capita_usd,agri_value_added_pct_gdp,food_price_inflation_pct,population_total,rural_population_pct,agri_employment_pct,female_agri_employment_pct,internet_users_pct,rural_electricity_access_pct,stunting_pct_children,account_ownership_pct,account_ownership_female_pct,account_ownership_poorest40_pct,bank_branches_per_100k,atm_per_100k,private_credit_pct_gdp,bank_deposits_pct_gdp,cereal_loss_pct,wgi_control_of_corruption,wgi_government_effectiveness,wgi_political_stability,wgi_regulatory_quality,wgi_rule_of_law,wgi_voice_accountability,lpi_overall,trade_pct_gdp,poverty_headcount_pct_215,mobile_subscriptions_per_100,fertiliser_efficiency,bank_branches_scaled,atm_scaled,credit_scaled,value_chain_finance_score,cereal_availability_kg_pc
AFG,Afghanistan,2099.1,5.20258015072168,12.0034343713107,6.32161407355206,96.07,408.625855217403,33.5976188725451,5.13320340824962,40000412,74.6521379727519,50.2317691205323,74.4806014482023,16.51429939,97.1,,9.65382184434304,,,,,,,7.59,-1.22202489999999,-1.7059035,-2.4506389,-1.40994469999999,-1.7202682,-1.42797209999999,1.9,51.41,20.37,56.6944760468967,403.47,,,,,566.35955
AGO,Angola,996.1,5.63313388182498,4.28972487366648,,122.72,2832.81777132286,16.561923695764,25.754294884189,34532429,31.7475836443031,56.7075087680521,61.3740739192677,34.55649948,,,,,,8.0358321987126,17.1660178613288,8.70249637691384,7.75707708708077,12.98,-0.6416506,-0.9347008,-0.7936068,-0.8486184,-1.0980135,-0.998508499999999,2.1,61.53,27.22,44.3868689341257,176.83,6.55,5.66,3.36,5.19,252.25515
ALB,Albania,5144.7,81.4735789298216,21.8941605839416,16.5444897168956,91.79,5511.75743402862,17.793224984541,2.04147163139544,2489762,42.4922812968222,33.8047708533941,39.665422047673,79.32371752,100.0,,44.1741742874165,45.6861097525436,34.3555700968774,16.3984709487917,34.9210961655616,36.4341686860283,33.6074118897679,5.97,-0.60203,0.1116368,0.0239536,-0.0049463,-0.2015586,-0.0004042999999999,2.5,75.59,0.0,92.4843357131703,63.15,13.36,11.51,14.06,23.79,274.06390000000005
ARE,United Arab Emirates,19809.2,327.41550695825,0.708251196845959,23.9962304772047,137.98,40935.8936567784,0.890347914421406,0.179935336174431,9575152,14.6428091488645,1.64924253622621,0.0699916072703586,100.0,100.0,,85.7421930087712,86.6829485997078,75.9677670946687,8.12887615896256,55.3166247597514,76.1676429790591,73.8536279115337,3.4,1.0349829,1.0744083,0.8395809999999999,1.0613347,0.3385039999999999,-0.835888499999999,,182.91,0.0,186.30089463245,60.5,6.62,18.24,29.39,43.38,400.01810000000006
ARG,Argentina,5410.4,62.1493760212176,15.4306845130431,,111.03,12549.2811699342,7.29128249622041,48.4093786255199,45312281,7.9707223824349,7.75008753977912,4.09614704789845,87.15070683,100.0,,71.6270859300586,73.7532007447968,57.0962488085077,12.9452813637679,74.9943362613879,13.2644289814534,11.2727076291742,5.15,-0.3273298,0.1125651,0.0921998,-0.584024299999999,-0.303899,0.5235453999999999,2.8,33.08,0.84,130.352799939601,87.05,10.54,24.73,5.12,34.25,362.33185000000003
ARM,Armenia,1287.2,46.3104956925714,15.7257362373209,9.30786591991975,105.3,4264.79961505187,11.3435484176857,7.1848362944337,2962300,34.6427124685559,28.3441639766894,31.6145115901735,78.61225758,100.0,,55.3477332562389,52.1827201673961,44.557773571195,25.6642770373159,75.0117290248565,61.6738125458808,58.9303945859551,6.57,0.0558397999999999,-0.3553578,-0.5019,0.1972098,-0.1028405,0.1047104,2.5,79.25,0.35,125.395134877327,27.79,20.9,24.73,23.8,33.23,397.28060000000005
ATG,Antigua and Barbuda,2000.9,8.5,9.09090909090909,,79.48,16084.7214406048,2.08080004808426,2.06299638545334,92349,75.425016180434,,,71.64530182,100.0,,,,,19.8218674842086,55.501228955784,45.4347464248891,45.4347464248891,9.0,0.1814889999999999,-0.6089105,0.9147636,0.5644068,0.5666971,0.5304723,2.9,101.07,1.0,199.244171566557,235.4,16.15,18.3,17.53,17.33,225.5335
AUS,Australia,2817.0,120.125219894451,4.0646020161154,0.535047686640863,87.88,59465.535671364,2.30537875480088,2.86391284709318,25685412,12.7646592367239,2.4984121870069,1.79625951800494,96.97219849,100.0,,99.323149822978,100.0,86.4782956195717,21.0768340029286,122.402079886208,138.339567139855,138.339567139855,3.66,1.6770561,1.7024874,0.8536507,1.7860102999999998,1.5701838,1.4353311,3.7,40.2,0.61,105.118514623956,23.45,17.17,40.36,53.38,59.48,251.20030000000003
AUT,Austria,7112.4,128.259330316928,16.0315232670868,,100.31,45368.6434337368,1.2152388657488,2.7666666666667,8955797,31.226398299747,3.73480929883985,3.39466783774995,92.52915104,100.0,,99.9507174861928,100.0,100.0,12.3378521260167,168.55644912964,93.0624546800894,92.7677951035475,2.36,1.3601171,1.8163061,0.7543747,1.4481822,1.7167011,1.4910037,4.0,111.03,0.5499999999999999,121.357731973824,55.45,10.05,55.58,35.91,60.31,331.00025
AZE,Azerbaijan,3297.4,22.3925323121111,25.275257108288,30.7346358197716,118.46,5349.58226071425,5.72598365721349,6.65029912708778,10137750,41.6340030255182,35.8696760423606,40.5636624789419,85.99998954,100.0,,,,,6.54798349337642,38.5099227234217,22.9250440750459,21.9529518709336,1.64,-0.775813299999999,-0.0569922999999999,-0.4888287,-0.0594814,-0.608585199999999,-1.433342,,76.29,0.0,105.693559477177,147.25,5.33,12.7,8.85,8.96,554.289
BDI,Burundi,1189.0,19.0740157480315,49.4548286604361,,130.35,264.682651664249,33.162974332658,8.4045384507634,12965481,78.8891138134646,85.6601285278926,92.7325973628813,6.777999878,1.6,,,,,3.17468700404787,1.45382862802192,28.3775482102837,28.0118666393617,13.6,-1.390618,-1.1242343,-1.37835589999999,-1.00004119999999,-1.3122824,-1.43815269999999,2.06,,54.17,59.700785493419,62.34,2.59,0.48,10.95,4.67,
BEL,Belgium,7906.2,252.75403169909,28.3872237161409,,105.47,43140.9676652971,0.654899384879513,2.44024851144084,11586195,12.5694435909365,1.09125389898035,0.60882946961906,92.78867618,100.0,,99.0056968401204,98.6511494126192,93.8118809745621,22.7916024962192,58.6780166084479,74.7536988644538,72.964537695298,0.83,1.5502151,1.2282716,0.4619169999999999,1.3954035,1.4052126,1.5419159999999998,4.0,177.38,0.08,101.462935633736,31.28,18.57,19.35,28.84,51.84,271.6038
BEN,Benin,1408.6,32.687064738754,30.9233283079106,,130.7,1176.37727637273,28.5289506098592,1.73353962694035,13413417,49.8038192438646,43.4363693838773,36.3187603693455,28.20470047,18.0,34.1,48.605530136871,39.7870225704116,41.0090372165069,3.37662334182,4.14038338342214,,15.5501996992846,13.025,-0.1642663,-0.2018892,-0.4106645,-0.3792796,-0.3852134,-0.3316053,2.9,48.05,16.520000000000003,94.9182598289459,43.09,2.75,1.37,,21.23,
BFA,Burkina Faso,1095.7,9.33720446889416,28.4413676900585,,95.11,745.472563435144,17.2902157538449,3.65326761825508,21995243,73.1885692256983,53.4018361685719,55.1341092589342,18.1522007,,21.1,36.1085342551293,30.680222914874,31.6919840532018,2.68689281887429,4.37834040665961,29.4819696538483,29.4371711748254,13.4,-0.2024751,-0.746447899999999,-1.5801637,-0.4590282,-0.401084599999999,-0.172692999999999,2.3,62.42,25.78,112.198419449151,117.35,2.19,1.44,11.37,15.47,584.0437999999999
BGD,Bangladesh,4964.4,395.72014579444,60.4908965199355,84.3491187088554,146.31,1702.08028414189,11.6328584271282,5.54565430773473,167658854,68.6007843113939,43.4657157854774,69.318337483757,38.91744466,98.5,,52.8060649194004,43.4566925057512,46.5663544550526,8.83053292077507,11.2647701983266,39.0820163295701,38.9590765899848,4.09,-1.0928915,-0.563899399999999,-1.0535518,-0.871176499999999,-0.974914899999999,-1.05678039999999,2.6,27.72,2.28,110.012054001037,12.55,7.19,3.71,15.08,23.2,645.8675
BGR,Bulgaria,5949.6,126.358571428571,32.2402358142962,0.56164454131167,91.34,9161.47737990726,4.32894729732106,3.29774435299506,6507301,26.653234381959,6.42234827396012,4.2083572412811,75.27144583,99.5,,83.9665205056197,84.3245815088574,70.9536539226791,61.1811357206881,88.7540653588318,48.1534647397881,48.1031625345449,11.21,-0.2260611,-0.0148069999999999,0.4063981,0.3229288999999999,-0.0377457,0.1902884,3.2,121.21,0.7799999999999999,114.911988483727,47.09,49.84,29.27,18.58,50.59,346.76095000000004
BHS,"Bahamas, The",7840.0,102.375,0.799200799200799,,91.86,29114.0597726386,0.454432167483592,2.90491262928478,396373,18.5215764654917,0.921271344381202,0.183608249469025,92.34980011,100.0,,,,,23.4853475831442,118.341751457921,,49.0750519232367,9.0,1.2282597,0.5886789,0.7434332,-0.020375,0.3484926,0.6714211999999999,2.7,65.93,0.93,100.257333370336,76.58,19.13,39.02,,29.08,235.23155000000003
BIH,Bosnia and Herzegovina,4422.1,62.0208333333333,19.6875,,71.66,5995.54197590494,5.01931841754809,1.98163900587622,3244907,49.5100520522966,18.5505156429682,24.170283170618,75.67620138,100.0,,79.3378937380757,70.3665437213765,57.5805585370045,30.0042293386744,58.4992639082179,53.2893802522593,49.2742522897771,4.87,-0.6690056,-0.8403621,-0.310701599999999,-0.3797619,-0.3074514,-0.4759813,3.0,96.74,0.2,114.911613799718,71.3,24.44,19.29,20.56,38.45,441.58795
BLR,Belarus,3002.8,169.360241820768,27.7112589307711,0.349889894788353,110.96,6457.73053706343,6.70661864890688,9.46028389623105,9302585,21.868913196306,10.9072110999647,7.77501588702409,86.88841196,100.0,1.2,,,,,57.2259639640594,29.1729868961267,24.1068300928884,4.16,-0.2062736,-0.6825409,-0.616372399999999,-0.7942597,-1.0672559,-1.55548589999999,2.7,136.01,0.0,127.117317282369,17.73,,18.87,11.26,15.07,305.2495
BLZ,Belize,4289.5,378.14,4.38404208680403,,108.06,5839.40157956017,7.89550385123154,3.2356365923707,395346,57.6089190794706,17.5264114913613,7.5950721175275,70.65370178,97.1,,,,,18.1134809582031,45.9803747400541,47.6178389837793,47.4917249348263,4.96,-0.0899104999999999,-0.378268799999999,0.3568756999999999,-0.6067267,-0.527655099999999,0.0776529,,98.98,0.2799999999999999,66.7769498110516,11.34,14.75,15.16,18.37,16.09,363.79915
BOL,Bolivia,2523.0,9.3281831536684,4.98791673589957,,116.99,3011.55110807557,8.81001912255763,0.737383721452274,11937360,29.6549587173835,27.6474189108283,27.8825221050872,65.9773785,95.1,,68.8854460185439,63.2896460123216,55.3876723280184,71.9462506460259,43.1845771084482,62.8488382346261,62.8472567856303,1.43,-0.9489015,-0.4784584,-0.2859636,-1.117001,-1.1101906,-0.3237121,2.4,47.67,1.54,100.809064985893,270.47,58.6,14.24,24.25,43.15,365.9636
BRA,Brazil,4479.0,386.636366902598,6.6600942314917,3.70707547169811,108.55,8799.22844579944,6.55876261207381,8.30165975585673,209550294,12.8639218284561,9.4956089681342,4.5802428180644,80.68989314,97.3,,84.0357458977852,80.8668081422269,81.2766273194022,17.1964909481549,95.4080530710275,68.8052246831437,68.8052245721823,10.51,-0.404589,-0.0686133999999999,-0.3922756,-0.1510718,-0.4091435,0.0763533,3.2,37.66,4.6,104.824727184587,11.58,14.01,31.46,26.55,46.83,331.94925
BRB,Barbados,2816.0,37.1428571428571,16.2790697674419,,89.16,17475.0281776857,1.98064749350573,,282147,40.6779634566181,2.93088431988553,1.81686731839185,69.4756012,100.0,,,,,14.1667382158496,30.909247016399,68.5058128222344,68.3689878223606,1.47,1.1946829,0.6625554,1.0845669,0.4761062,0.7010659,0.9713716,,,1.1,112.222706603295,75.82,11.54,10.19,26.43,16.05,321.7767
BRN,Brunei Darussalam,2733.3,177.25,0.759013282732448,7.74925373134328,120.03,29256.1833678343,1.25629022275081,1.73341388450593,451721,25.2332683063825,1.40573688866656,0.293178862749734,97.62879944,100.0,,,,,16.2438432933232,73.0972948199544,36.2693770865454,35.0855262266259,8.5,1.1827999,1.0763513,1.1632013,0.86713,0.5616354,-0.817422,2.71,147.12,0.01,133.597065445264,15.42,13.23,24.1,13.99,17.11,
BTN,Bhutan,3344.7,10.2577319587629,2.54326166754064,,149.75,3206.20366997254,15.7947840049801,7.3468144053353,775442,59.6924800125621,49.8591606430692,59.1185664177146,85.63688389,100.0,,,,,20.9042534207346,45.2075724383367,64.8888785590362,64.8796236297576,2.83,1.3198694,0.5963822,0.9391838,-0.0451337,0.6782878,0.3423094,2.5,77.58,0.2,100.330908049861,326.07,17.03,14.91,25.04,18.99,714.378
BWA,Botswana,1002.6,59.2653846153846,0.458772254865633,,90.5,6895.91184943107,1.78859292903854,7.24097765588442,2401441,33.4817232931745,17.5933771426061,10.3478683594677,54.70069885,25.0,,,,,6.91065502067726,33.5742656421236,34.5320284610526,34.4387859942925,10.0,0.7018975,0.4025631,1.0572186,0.459995,0.3719932999999999,0.1662642,3.1,88.76,9.24,173.25235140068,16.92,5.63,11.07,13.32,10.01,442.64279999999997
CAF,Central African Republic,807.2,0.238888888888889,2.88933834151979,,108.29,396.020622931961,35.7553299980455,4.25936417542868,5112100,57.1452217102051,66.1172164282564,68.165240178872,,1.6,,,,,,,11.7946888020579,11.5277547117761,9.0,-1.316273,-1.5775561,-2.1689304,-1.3937882,-1.5476834,-1.2527095,2.5,44.16,54.81,35.8169832358522,3378.98,,,4.55,4.55,
CAN,Canada,3119.8,126.061841658172,4.35320354546179,,118.15,44639.193269037,1.59798786504057,3.39519318527527,38239864,17.8220720920725,1.36487110992612,0.917855101321004,93.93710327,100.0,,99.6346150066946,99.50555299801,90.1625716443574,20.6899045089685,212.429180058184,,,4.46,1.6156132,1.6828189999999998,0.7604154,1.6316738,1.5493331,1.4726848,4.0,62.25,0.1,87.4056019628826,24.75,16.85,70.05,,69.14,306.96865
CHE,Switzerland,5515.8,177.186529464331,10.009321778007,,98.35,88661.2029776281,0.627567424184859,0.581814168489855,8704546,15.7993522391121,2.33431832389331,1.68401587961139,95.56937154,100.0,,99.491031115136,99.0179339713898,98.5396670294497,36.4932699809445,93.5596547287595,,,1.49,2.1059546,2.0800555,1.0255347,1.7598954,1.7893994,1.6782979999999998,,130.02,0.0,123.21236546636,31.13,29.73,30.85,,64.53,286.4374
CHL,Chile,6491.2,287.171345569523,2.01809524430058,8.4063628013325,105.72,14051.4713630677,3.50586436813615,4.52456838259143,19456334,11.5339488335548,6.54762033540089,3.5062634681211,90.23280334,100.0,,87.0620678198245,86.6153008701508,68.8478688801324,10.908860309716,47.7624379880991,109.321889752715,81.0285331549083,2.01,1.1463006,0.8697585,0.146317,0.8736894,0.7564837,0.9953359,3.0,64.88,0.86,136.571581265001,22.6,8.89,15.75,42.18,44.46,401.17515
CHN,China,6317.5,406.234332124994,11.6065788899055,,108.08,11469.5707134928,7.08935251618004,0.981015135544881,1412360000,35.278923034668,22.8687780404897,19.547953096344,73.05323517,100.0,,88.7090216844445,87.3449018911007,83.0213478155459,8.77777453041303,81.5085206223716,173.554518720488,173.554518720488,3.8,0.0556852,0.6669455999999999,-0.259168,-0.0246937,-0.5386195,-1.61369489999999,3.7,36.52,0.0,121.491918368395,15.55,7.15,26.88,66.96,54.27,579.8974000000001
CIV,Cote d'Ivoire,2255.1,36.5820866323076,13.8043987421384,,117.98,2146.47635317946,16.1805529630135,4.15919657911797,29639736,47.6816538043941,48.2212924147521,43.4708220563665,35.95069885,45.2,23.4,50.7622911401206,37.4442612620447,43.9860780919228,4.73960023535429,7.27822516352558,,20.9766531500506,13.375,-0.446876999999999,-0.5005974,-0.895587799999999,-0.289141,-0.6527655,-0.7085168,3.08,45.11,7.59,150.343798608733,61.64,3.86,2.4,,21.92,378.37725000000006
CMR,Cameroon,1726.7,16.833064516129,13.1158638488714,,105.76,1443.57600237663,16.9592035415957,2.27185762503637,26915758,45.4451335536365,43.8343030859318,46.914341104664,38.89260101,24.8,,51.6548130092196,49.2549795515638,37.197841376578,,,,,12.699999999999998,-1.115647,-0.787710799999999,-1.57868299999999,-0.816719899999999,-1.2194535,-1.24492729999999,2.1,36.73,13.83,80.8081013360278,102.58,,,,43.23,428.875
COD,"Congo, Dem. Rep.",897.4,2.08655868520548,6.04502913477868,,107.2,485.160805929784,11.3157062519,,99148932,56.3709318207782,61.4142819500912,70.2334896262574,16.1595993,1.0,,,,,,,6.76403632346416,6.73871405462552,5.39,-1.50417239999999,-1.70495509999999,-1.6314631,-1.3231263,-1.53122649999999,-1.1423478,2.5,75.39,72.08,47.2882541992485,430.09,,,2.61,2.61,119.33675
COG,"Congo, Rep.",894.4,9.74727272727273,1.61054172767204,,105.77,1701.79060456872,9.09674868938002,1.7156427545126,5892183,36.3820874175804,37.5097394705817,38.9507143008168,30.02739906,12.4,,47.1421557656699,43.79194944753,30.685764454151,2.81399044201204,13.5391518350083,13.902630970771,13.8221205892012,14.95,-1.34316449999999,-1.1895932,-0.517419899999999,-1.1613755,-1.23331679999999,-1.2723726,2.6,85.55,33.02,95.8614998889206,91.76,2.29,4.46,5.36,17.32,177.4265
COL,Colombia,4278.9,511.661435170947,2.1601922487607,,109.69,6457.16921807086,7.77187301385002,3.49505757399448,51188173,22.1660429673872,15.1143754822074,6.10739067921108,73.02837449,100.0,,59.7159078921527,56.204292335596,48.0776326552361,12.6686456195329,39.6770988271711,47.9124060650503,47.8931314522491,3.76,-0.269745299999999,-0.0318011,-1.0147831,0.2365791,-0.506983,-0.0098546,2.9,40.06,6.800000000000001,146.627837254516,8.36,10.32,13.08,18.49,29.23,317.60475
COM,Comoros,1770.3,3.38461538461538,34.9274583557227,,96.24,1359.76242021159,35.2409487995918,-0.0044179368234698,818174,67.5875555686754,35.2126514936414,35.3872867014525,30.68120003,82.9,,,,,5.12573830345948,5.12573830345947,16.3887427830441,16.0390796155916,9.0,-1.4088014,-1.55203659999999,-0.3981267,-1.330504,-1.1021442,-1.28283139999999,2.56,42.07,4.62,104.311430086999,523.04,4.18,1.69,6.32,4.06,361.54345
CPV,Cabo Verde,16.3,4.04,12.4069478908189,,84.62,3471.6553421786,5.97147405923183,1.86215256793885,516649,25.8392069107173,11.111367278009,6.01577909270217,70.28250122,96.9,,,,,30.1304649130736,48.2087438609177,67.561644973855,66.773749152092,9.0,0.8975963,0.2774591,0.8339009,0.0657809,0.4863826,0.7321187,,77.46,3.82,114.230551109167,4.03,24.54,15.9,26.07,22.17,521.6361
CRI,Costa Rica,4311.2,866.290041368153,3.27327457892675,,113.15,13146.6927918465,4.36671325937127,1.72647755109241,5059988,22.0131059799991,15.204605328826,8.72721195695612,82.74901607,100.0,,68.4896897601052,61.0813328950655,51.7476241593465,16.28856201058,64.6169941229305,56.589569581111,55.5581371785144,4.31,0.5909559999999999,0.2714874,1.0171458,0.5605960999999999,0.6104539,1.126743,2.9,70.78,0.91,140.788061157457,4.98,13.27,21.31,21.83,33.85,331.7266
CUB,Cuba,2408.7,25.5738155813794,28.0211946050096,,78.64,7379.04275283674,0.882032508097678,,11122168,22.9012298583984,16.6917369025748,7.35709329464455,67.64354869,100.0,,,,,,,,,9.0,-0.2211207,-0.0976359,0.4994387999999999,-1.1730802,-0.6486658,-1.2291961,2.2,80.02,1.29,63.8661095570576,94.19,,,,,
CYP,Cyprus,2063.5,156.229949955088,10.1207792207792,21.4501222387327,125.98,29517.072265625,1.50250271739903,2.44608867175474,1317309,33.3281634605029,2.85329222068556,1.18170885635628,90.75951564,100.0,,93.1299045859698,92.6972408372999,87.8829359339762,27.4550507248803,38.1692168614189,87.3952443793853,87.3329388092712,0.26,0.4905518,0.86,0.4791733999999999,0.8484872999999999,0.7712279,0.9075915,3.2,176.83,0.15,142.051408905141,13.21,22.36,12.59,33.72,49.85,366.06579999999997
CZE,Czechia,6113.0,148.624327616262,32.0693957764556,0.623803578506073,104.08,20373.8783043424,1.75886666492278,3.83984491500146,10505772,27.3189405625684,2.54754783664319,1.50687448912438,82.67062427,100.0,,94.9367048560852,93.4414932024248,86.3917971926132,17.7006413592823,60.2524392492344,52.0361206166061,52.0299060442265,2.16,0.7300087,1.1010113,0.9968819,1.2403943,1.1669833,1.0405404,3.3,137.38,0.0,126.173145654465,41.13,14.42,19.87,20.08,46.84,241.3088
DEU,Germany,6998.1,130.141019042717,33.3667248633332,,97.06,44011.0194631674,0.753895620719434,3.06666666666673,83196078,18.3674129346066,1.21183428547171,0.886412239615511,91.43060973,100.0,,99.9765938161833,100.0,100.0,7.60599027697653,77.0019290884734,82.7038241987432,81.6719260035738,3.35,1.8243293,1.8265941,0.6603045,1.6129105,1.6349496,1.5769284,4.1,79.92,0.1,127.125099449404,53.77,6.2,25.39,31.91,52.7,274.16245000000004
DJI,Djibouti,2021.1,30.3333333333333,0.129421915444349,,130.09,2854.15987035097,3.00716226184265,1.18086783934059,1121248,27.7117045443485,1.30869899923018,1.04207543056464,61.41120148,36.6,,,,,8.36196872101075,15.5480355906293,18.5968581486669,18.5968581486669,9.0,-0.9086172,-0.647701299999999,-0.5273642,-0.7686696,-1.0311038,-1.1996692,2.7,263.48,13.54,43.6423520933817,66.63,6.81,5.13,7.18,6.37,500.00255
DMA,Dominica,1659.1,73.0,8.0,,102.28,7738.31730070386,14.0151066545603,2.22891330700343,67202,27.7386379955958,,,78.07949829,100.0,,,,,13.7862103431043,34.4655258577607,49.3802060716119,49.3802060716119,9.0,0.3994373,-0.384329,1.2367945,0.1493074999999999,0.5368851,0.3267127999999999,,,3.74,92.5136156662004,22.73,11.23,11.36,19.05,13.88,
DNK,Denmark,6355.0,139.422571064913,58.925,9.01451489686784,106.32,59312.8158043771,1.08103120928969,1.85304543989689,5856733,11.7383550681851,2.03932108222848,0.919234030061319,98.8658506,100.0,,100.0,100.0,100.0,17.4949689235177,40.9777386194616,155.229321090433,155.229321090433,1.99,2.2948313,2.1905145,0.8409468999999999,1.9974993,2.0133921,1.9120246,4.1,112.32,0.24,125.604137839658,45.58,14.25,13.51,59.89,57.53,296.51505
DOM,Dominican Republic,4784.8,157.444416293463,18.7447886863402,11.7968718021273,106.86,8344.90510312395,4.21567590284055,8.24300347981809,11123476,27.0756652604965,8.00880071646586,1.40028369724748,85.24298638,94.8,,51.2980112720468,48.9606589159934,39.373011007841,11.1068942610046,37.4563602447479,27.7700298032382,26.5507254787628,2.91,-0.545258,-0.1501487,0.3502986999999999,-0.0103431,-0.3243436,0.0897951999999999,2.6,51.95,0.37,87.5207623947766,30.39,9.05,12.35,10.71,24.09,290.24069999999995
DZA,Algeria,1433.7,20.6745452131191,3.16197401899452,,97.32,4456.74687637774,11.2354345605089,7.22606307415477,44761099,26.3800781738427,10.2836824474452,4.15970688075866,72.21240234,99.3,,44.0970221449773,31.1915131938875,38.9861822379999,5.3054562533933,9.36948801399751,22.659990400839,22.6446473775232,5.99,-0.6509952,-0.4641151,-0.9009933,-0.9720042,-0.7553319,-1.0429601,2.5,46.84,0.0,105.037092587919,69.35,4.32,3.09,8.74,17.27,590.3437000000001
ECU,Ecuador,4016.0,367.8466796875,4.12304718956354,18.8665447897623,94.55,5815.09477390949,8.07999983280318,0.133251386096389,17682454,36.9128731750883,32.1854828435665,30.2359024422925,69.1147995,100.0,,64.1767160592829,57.945240253526,60.2126132595592,9.15384210093753,37.2464056914393,49.7533981232754,47.4834083992926,3.11,-0.6326965,-0.1107469,-0.1983083,-0.5551263,-0.4314709,-0.0753616999999999,2.88,53.26,2.69,94.950621672761,10.92,7.46,12.28,19.2,31.42,344.8155
EGY,"Egypt, Arab Rep.",7340.5,541.891452713682,3.09106434275956,,122.85,3837.31992324447,11.4369326589725,5.21404940513042,110957008,57.4313937378532,19.2891712496112,18.9766521942891,72.05599976,100.0,12.8,27.4440057212001,24.1973567007988,25.0019432828222,6.39508131575558,25.99317574557,28.2307543894277,28.2307543894277,6.83,-0.7873199,-0.225102299999999,-1.066781,-0.5701379,-0.8185251,-1.65797359999999,3.1,29.86,0.38,84.0866220906029,13.55,5.21,8.57,10.89,14.77,680.01325
ESP,Spain,4227.4,157.991217599046,23.112437562789,14.899014377001,119.84,26705.3629138959,2.76824927112995,3.09313511976419,47443821,20.2153757016402,4.07538475596877,2.17348075870515,93.89752157,100.0,,98.2984394535205,97.4892592793127,96.36803462348,37.3021362544501,96.2361722193862,98.4256244971566,96.2196695357409,0.43,0.8120885999999999,1.1202722,0.3832299999999999,0.9211695,0.9207665,1.1384344,,66.52,0.7799999999999999,118.999806936801,26.76,30.38,31.73,37.98,58.79,278.80525
EST,Estonia,3502.4,103.494285714286,16.374269005848,,95.03,21570.6658455268,1.94353771254558,4.65316673847472,1330932,29.8222725864178,2.68417337457549,1.42410334234001,90.97970174,100.0,,99.3765667926472,99.5970564830296,98.3857863171161,7.46580123338634,62.5148416530543,59.2942307857999,59.284692839829,2.02,1.5368104,1.3707205999999998,0.8879043999999999,1.5595497,1.4888413,1.4062888999999998,3.6,160.47,0.4599999999999999,148.739589817601,33.84,6.08,20.61,22.88,49.51,218.11305000000002
ETH,Ethiopia,2660.6,41.7726745237649,14.560115607756,,112.51,790.65701959778,37.5791137568863,26.8395221557722,122138588,77.8932914733887,63.4660144892329,54.5378250995199,16.6981031,42.8,,,,,,,,,12.933333333333332,-0.4003096,-0.650462099999999,-2.0139565,-0.7684521,-0.9484534,-1.0719325,2.376767,24.35,17.0,52.8088633217211,63.69,,,,,662.44215
FIN,Finland,2777.3,98.0842621489077,7.37955904913905,,99.87,45792.0454180872,2.15907446415076,2.19457432340007,5541017,26.6289784219671,3.95042809255165,2.0597063095046,92.80806082,100.0,1.3,99.5301883332477,99.0785083052635,98.3138964104024,6.14581850672402,36.6615145644161,100.140293611616,98.5837982987892,2.85,2.2264683,2.1560517,1.1287431,2.0110043,2.0708538,1.913997,4.2,79.79,0.04,129.036333202492,28.32,5.01,12.09,38.64,50.63,356.9189
FJI,Fiji,3887.4,76.171875,4.20361247947455,,123.59,4507.33353596072,17.2536724147942,1.53454853751591,916711,42.3381635238072,39.0371568561254,38.531651782193,70.56800079,86.8,7.2,,,,10.3456669912366,49.2940603700097,139.163957696995,93.5163443402908,0.67,0.4839701999999999,0.7309158,0.6663534,-0.0698337,0.1636161,0.0032995999999999,2.3,,0.74,108.158405429846,51.03,8.43,16.25,53.69,26.12,317.90405
FRA,France,7171.3,171.652047698957,31.5621764542165,,96.97,38030.8571685178,1.46334541457898,1.64233141038393,67842811,21.2635396607662,2.51483563043554,1.44661410685569,86.09548575,100.0,,99.244295476517,100.0,95.8664726880748,33.0926074894023,89.2762788371069,120.721909947613,116.248567691996,2.04,1.422803,1.5363266999999998,0.1241525,1.2843889,1.0805521,1.1650934,3.9,63.79,0.03,113.952719366702,41.78,26.96,29.44,46.58,59.77,332.807
FSM,"Micronesia, Fed. Sts.",1721.5,0.0,2.85714285714286,,103.38,3023.96457451783,22.1845195337408,3.19128406597466,111624,77.6071237144589,,,,79.4,,,,,12.7544513035049,11.4790061731544,23.4273633503821,23.4273633503821,8.5,0.3004111,0.1409627,1.2268624,-0.761884,0.8844428999999999,0.640026,,87.33,12.54,19.7090231491436,,10.39,3.79,9.04,7.74,258.12435
GAB,Gabon,1587.1,28.2523076923077,1.26130321729344,,102.67,6479.04900690761,6.76982280967365,1.0869074651941,2376722,9.2118032713033,29.6482158134737,26.4665362534135,65.76809692,26.8,,66.0899712589808,61.2955059276265,52.9001464565818,,,,,2.45,-0.8653289,-0.588664699999999,-0.28203,-0.832492799999999,-0.9165415,-0.952399799999999,2.4,85.35,1.54,132.30865873249,56.18,,,,57.1,314.2285
GBR,United Kingdom,6966.8,241.438814262867,24.8410870913074,,106.53,46487.3424706549,0.698210493866494,2.51837109614213,66984000,17.0113568476359,0.89635908345731,0.495405209290053,96.19650269,100.0,,99.7632738299911,99.9090517704621,98.3316494050925,,96.7554227375569,136.161594591011,135.68756748751,0.48,1.6641761,1.3289695,0.4363657999999999,1.600758,1.3061844,1.2930083,,58.54,0.3,117.887430294308,28.86,,31.9,52.53,70.67,347.7501
GEO,Georgia,2750.4,169.464743589744,4.48985465534609,,104.5,5175.19865185825,7.22731737039721,9.56691433824769,3708610,40.5706439381995,39.7474595687038,42.8238646876221,76.4427093,100.0,,70.4986885500291,70.7113541474579,41.7108028579479,31.5756667796647,96.4014675167036,72.9083897422509,70.033095669531,2.14,0.7226794999999999,0.4515433,-0.2017684,0.8431074,0.2251347,0.0300981,2.7,101.6,4.09,146.566472682371,16.23,25.72,31.79,28.13,39.61,484.84045
GHA,Ghana,2360.5,37.3638506125395,20.6998545265961,,116.02,2030.04866500967,19.6574735227332,9.9710886750444,32518665,43.3047443173464,35.9690047422434,32.3691490110509,68.6,74.0,,68.2303947936909,62.5809382619613,51.5909001242851,11.1692929390992,11.0576485507466,13.0544311231372,12.024769747436,13.375,-0.1554389,-0.0445107,-0.1622488,-0.1880837,0.0415219,0.2068363,2.5,62.71,23.06,124.402625384529,63.18,9.1,3.65,5.04,26.39,318.46615
GIN,Guinea,1356.5,4.05121944335288,21.3538258993977,,102.32,973.646890096159,27.0715374807562,12.5972882566934,13710513,63.1497821563744,49.9702928615025,51.2748152167834,28.61330032,21.3,,30.4403355352872,24.0050046269956,22.0184606088303,2.62989455774448,2.5282561207302,9.00671851271095,8.79852319477631,14.1,-1.0113603,-0.808593999999999,-1.0159308,-0.912789299999999,-1.003033,-1.0322931,2.5,115.2,3.19,110.185519681138,334.84,2.14,0.83,3.48,10.49,459.61165
GMB,"Gambia, The",1054.1,2.23636363636364,43.4782608695652,,73.24,689.49323955737,23.579267737043,7.37034758876618,2576010,37.2449293362141,30.0686029498227,41.3180186382749,41.67309952,31.2,,,,,5.90016386364185,8.58205652893359,8.87544997363302,8.3626853204594,13.375,-0.3139401,-0.5131901,0.0231959,-0.754535499999999,-0.3721489,-0.201333999999999,2.3,42.1,8.1,108.847403542688,471.35,4.81,2.83,3.42,3.69,466.44445
GNB,Guinea-Bissau,1352.6,17.9660549332733,14.0239971550498,,100.11,729.627090607537,40.0405061497032,2.24248879577658,2058841,55.2665863037109,64.2874106614497,71.1006592921575,23.3519001,15.8,,,,,3.42899410457942,6.53141734205604,,12.9008025466185,13.375,-1.21682239999999,-1.3839632,-0.3001867,-1.3114711,-1.2016468,-0.5278763,2.6,44.81,16.54,108.62961248586,75.29,2.79,2.15,,2.47,534.23955
GRC,Greece,4194.7,188.187692114327,14.0607439875873,21.3427492773632,97.28,19232.9683327114,3.53173488105093,1.22382501019854,10569207,21.6115101352558,11.3577118058213,10.2566756863463,78.49426371,100.0,,94.8841039582543,93.431332757825,91.8323914191436,17.0535495768925,63.1168494024046,56.1973361608804,55.9784544551461,1.97,0.3910516,0.5727218,0.2270172,0.3962921,0.4439375,0.7984163999999999,3.7,88.01,0.6799999999999999,108.643525000707,22.29,13.89,20.81,21.68,48.33,299.83655
GRD,Grenada,999.3,86.6666666666667,8.82352941176471,,137.92,8782.32193426078,5.34059405940594,1.21951193916838,116688,63.7168396293092,,,67.02279663,,,,,,20.0813824446441,36.9920202927654,57.3161056105611,57.3161056105611,9.0,0.3144044,-0.0943871,1.0408786,-0.0492583,0.4044534999999999,0.2559812999999999,2.5,,0.2799999999999999,86.5710270122035,11.53,16.36,12.2,22.11,16.89,228.89515
GTM,Guatemala,1990.2,219.350064350064,14.501679731243,,118.58,4268.62858565412,9.17348943872533,4.26105127422813,17598650,45.0952928446242,29.1745916937096,12.6195759568506,50.84164945,98.1,46.0,,,,24.042405959031,36.9306692476888,35.6614893229197,35.1255003806811,2.4,-1.21790929999999,-0.7444335,-0.5740791,-0.385992799999999,-0.975567699999999,-0.435668599999999,2.6,49.26,4.8500000000000005,125.718955715353,9.07,19.58,12.18,13.76,15.17,405.02955000000003
GUY,Guyana,5443.6,263.639175257732,0.459410817467083,,139.31,10711.9973374148,13.4551932931892,5.03285574626702,815482,73.556696038053,15.0837056233008,7.3944828930695,71.65090179,91.2,,,,,8.02018296478268,20.5735128227033,30.828624719599,20.1665410061367,9.95,-0.1042454,-0.1426381,-0.0281476999999999,-0.5733425,-0.378924,-0.012718,2.4,,5.16,104.968595260226,20.65,6.53,6.78,11.89,8.4,387.42195000000004
HKG,"Hong Kong SAR, China",2039.9,502.0,1.9047619047619,,175.19,44530.9262090583,0.0755934592131795,1.56875834445922,7413100,0.0,0.198803564005711,0.11718721261544,93.08715788,100.0,,97.801244380349,98.1886072222839,96.1359607847227,19.6447268806984,50.6861600518411,259.183988203515,259.183988203515,0.21,1.6345393,1.6245817,0.2186871,1.7461556,1.0319968,-0.0977455,4.0,402.46,0.0,319.852066930488,4.06,16.0,16.71,100.0,65.41,284.7365
HND,Honduras,1885.7,191.119842829077,9.09822146751274,,114.8,2423.76634916911,10.8930519266193,4.48087963413445,10289877,42.6449763642453,22.8001904545923,8.44833769442267,51.95159912,85.7,,37.8497022494385,28.8504573351507,31.828968441328,15.2888913802043,24.7340910046385,67.7270471861986,65.5885772061814,1.88,-1.1204199,-0.6672516,-0.806377,-0.606984299999999,-1.1417518,-0.745449199999999,2.9,103.37,10.56,73.4771659564055,9.87,12.45,8.16,26.13,21.48,405.50405
HRV,Croatia,7012.9,208.07934655776,15.3145103645461,1.15853658536585,102.42,15395.1287782758,3.35973327348871,2.55450699642041,3878981,43.2316497439829,6.72467953433115,4.85896117461463,81.25396608,100.0,,91.8041946650619,89.9630726157021,80.2528022172844,26.8721238195406,140.875983196966,52.8751591525322,52.8597331603648,4.83,0.0954983,0.7557995,0.6364386,0.3318001,0.4127964,0.5908861,3.3,102.33,0.2299999999999999,112.169438491978,33.7,21.89,46.45,20.4,51.79,319.29470000000003
HTI,Haiti,1070.6,7.42686567164179,36.4658925979681,,100.99,1292.71954963551,20.684893342416,16.8415240198785,11374586,46.7539362081974,46.8348431054517,32.5126336021355,43.37919998,,,,,,,,8.31227901324056,8.04044339373495,1.04,-1.4853353,-2.0602282,-1.2132391,-1.4160753,-1.392161,-1.0935313,2.1,37.05,24.24,64.3451990252656,144.15,,,3.21,3.21,372.24160000000006
HUN,Hungary,5920.0,165.491767962949,45.3616524216524,2.19097586635305,104.86,15787.9535427563,3.45755919325803,5.11096534382855,9630932,29.7940724668587,4.38082265138894,2.64568365834189,88.64083466,100.0,,88.2187885918565,86.8767212111151,71.5827391528357,22.4424793949835,59.2881611943738,38.4125853084098,38.0827788593422,0.87,0.1312694999999999,0.784219,0.7337252999999999,0.4002885,0.2971399,0.080264,3.2,159.19,0.5,105.137285804787,35.77,18.28,19.55,14.82,42.22,330.4783
IDN,Indonesia,5695.7,381.229919311091,9.40017404086973,,171.35,3850.68877253903,13.2801691376596,1.56007882983334,276758053,43.1238297535973,28.9871998196831,26.0172150158565,62.10447842,98.2,24.4,51.755324070215,52.3045226846809,40.4920801093323,15.9173180592044,48.4548591785955,36.9908270556254,32.0107062631733,4.57,-0.416213499999999,0.1470804,-0.6496757,0.3421673,-0.1436778,0.0239606,3.0,40.2,2.3800000000000003,132.199444256099,14.94,12.97,15.98,14.27,27.2,504.33875
IND,India,3527.9,193.601012213706,51.8513672856427,42.9821498809773,135.29,1965.30943437506,17.3725615260314,5.13140747176369,1414203896,65.5574482818696,44.0791868866382,59.2958420307118,49.2580986,99.3,,77.5291370626274,77.552612718915,75.9045265264345,14.4205333373614,21.2061324217161,36.8920885102897,36.8920885102897,4.48,-0.300757,0.2400136,-0.6015988,-0.169914899999999,-0.1841026,-0.0956843999999999,3.4,45.42,1.3,81.603974311212,18.22,11.75,6.99,14.23,37.29,480.6831
IRL,Ireland,8606.5,1303.10550458716,6.32893017854551,,121.26,92781.2322150786,1.03312440304987,2.34034113447044,5110585,36.3225770643015,4.81198871473877,1.33602361159962,93.50610352,100.0,,99.6633988421918,99.5347901476089,100.0,15.9269602503262,44.5557953420339,26.4830620089049,26.4830620089049,2.36,1.6117468,1.6184383999999998,0.7362963,1.621098,1.5453584,1.5787476,3.6,231.03,0.04,106.86972424373,6.6,12.97,14.69,10.22,47.48,319.32025
IRN,"Iran, Islamic Rep.",2301.5,68.2894451875916,9.67580893682589,16.937557099454,102.36,5300.62271961895,10.6344854027271,43.3890162681514,88455488,24.0073623657227,14.9288315364083,14.1266981037204,78.5957366,100.0,,89.9846708281017,85.0800160707079,83.8635410869775,,,,,2.64,-1.1267612,-0.6566521,-1.1577773,-1.39362039999999,-1.06900019999999,-1.4876262,2.3,42.67,1.22,153.624638869213,33.7,,,,84.47,520.8769
IRQ,Iraq,2793.3,50.7627289192997,11.4458802662797,,123.89,4182.5006404573,3.27919752953038,6.04186489058044,43071211,30.1317291259766,8.61905351927079,14.5351705616703,65.00219727,100.0,,18.5652818204679,14.8905592479774,15.4766679006905,3.6305334545491,5.81330816955407,11.1956027502836,11.1956027502836,4.26,-1.37400869999999,-1.2310377,-2.1722684,-1.1622157,-1.4374976,-1.0273564,2.4,61.5,0.04,94.6092832170426,55.03,2.96,1.92,4.32,7.91,579.04695
ISL,Iceland,3120.8,139.867768595041,1.20003967073292,0.0026709401709401,103.47,54285.0209153958,4.19210472871823,4.44423970189739,372520,5.7891793596159,4.09422697266213,1.73805025209558,99.68701957,100.0,,100.0,100.0,100.0,26.3918396431823,69.9383750544331,99.5228207903758,99.5228207903758,3.0,1.8584301,1.8005665,1.3382488,1.6297845,1.7076167999999998,1.4547451,3.6,76.23,0.06,117.34255750797,22.31,21.5,23.06,38.4,56.59,367.336
ISR,Israel,2147.5,282.187155963303,12.5924214417745,37.3654916512059,105.12,40804.9689802536,1.32603835479545,1.47965474722561,9371400,8.4646482450534,0.795749002030955,0.436634626418138,90.29689758,100.0,,92.9252212375394,91.9317835036602,62.7565678500138,15.286353965405,132.184623502598,69.1844619109811,69.178361203535,1.85,0.9249105,1.5896737,-0.699899199999999,1.1753426,0.8807927,0.5273842,3.6,54.9,0.5599999999999999,139.775312861878,7.61,12.45,43.59,26.69,47.48,411.3769
ITA,Italy,5562.8,112.800112111925,24.3232955832773,19.7209861018729,107.33,32267.7091050201,1.83339290794707,1.87378325762481,59133173,30.5187492370606,4.05017313104733,2.46972529735297,74.8623274,100.0,,97.2945565478995,97.0916020313244,97.2532463653889,34.3802558128779,88.2312984660593,76.0051221503914,74.4472993704123,1.18,0.5394316,0.574774,0.4392225999999999,0.5735641,0.5885,1.0203423,3.7,60.3,0.96,130.781488497698,49.32,28.0,29.09,29.32,56.15,385.3451
JAM,Jamaica,1118.0,65.2916666666667,11.0803324099723,,106.92,5607.45378253877,7.38278062941281,5.86278242801063,2837682,42.4588982062774,15.7378858911986,9.38174220579213,82.36071561,100.0,,73.3003615105011,71.5532326995049,59.9446186388182,6.38953819612687,35.1868318717264,50.0226967195616,49.9097648897745,9.0,-0.0851526,0.3396405999999999,0.1423134999999999,0.1818115,-0.0742917999999999,0.5026750999999999,2.5,,0.1399999999999999,102.38666630017,17.12,5.2,11.6,19.3,33.52,320.41525
JOR,Jordan,1532.0,88.5843373493976,2.24339482397459,8.75855327468231,133.64,3874.32714084633,4.78675277704391,1.34609377243118,11066356,7.88202708954699,3.27982015294243,0.624487376259735,85.999997,98.8,,47.1196643097766,34.0620291622273,38.7134641698401,12.8711486215692,29.2163094357232,81.9629622069253,81.8944564518806,2.58,0.0177108,0.1228638,-0.390988399999999,0.1917529,0.0436082,-0.715912,2.69,80.33,0.05,65.7448847660422,17.29,10.48,9.63,31.62,24.9,375.658
JPN,Japan,6417.0,209.813999021047,11.2098765432099,,104.09,35741.1601062924,1.01041770067097,-0.233352779398264,125681593,8.1258950720473,3.16651807349569,2.59998585802904,82.91407928,100.0,,98.4894200399726,98.8416283825373,94.0950697950197,33.6920016257728,116.245928037657,195.272084840154,120.048102558038,7.0,1.4554011,1.653038,1.1600529,1.3955783,1.5319019,1.0951218,3.9,36.74,0.8200000000000001,159.516123485628,30.58,27.44,38.33,75.34,66.81,
KAZ,Kazakhstan,1038.3,4.44561286430264,10.9899988887654,0.830464232025938,123.89,10873.3915275276,5.03000193996331,8.04147134028401,19743603,38.969745719733,12.8283435948531,11.2612620833006,90.9239507,100.0,,81.1084645196623,83.6291847733808,61.8758413234567,13.137158733548,92.9310211037737,26.0102223624021,23.0446356600739,6.81,-0.2698189,0.017817,-0.2325504,0.0132366999999999,-0.4655785,-0.8581561,2.7,58.67,0.01,123.943942754522,233.56,10.7,30.64,10.04,39.38,322.9228
KEN,Kenya,1522.4,53.0505986519714,11.4175064467254,,103.55,1698.89578271444,21.4770750957252,6.10793603659176,53219166,68.7120665978029,51.2354676158147,57.9591153884423,26.96290016,68.2,,79.1951576168317,75.3574331684213,61.0172451989758,4.58748945688963,7.01904261361217,31.1231240199267,31.0956151229703,13.5,-0.710787899999999,-0.3468069,-1.11021939999999,-0.424813499999999,-0.445618199999999,-0.437757499999999,2.81,35.0,20.94,122.297519656734,28.7,3.74,2.31,12.01,30.89,352.02060000000006
KGZ,Kyrgyz Republic,2334.9,26.1006680130496,6.71220020855057,9.68831093661068,112.81,1132.5546781282,12.4122330298243,11.9050398185147,6851224,65.2478789828796,16.8140070793762,19.8962698096564,77.11769867,99.6,8.6,45.0948439820275,43.756073592119,28.9362826040683,7.54678556495913,43.0279415793191,24.1631715005894,23.9744704348828,0.73,-1.1583724,-0.842252799999999,-0.3876484,-0.5122396,-0.879262,-0.5153924,2.3,100.26,0.8,108.171654806063,89.46,6.15,14.19,9.32,20.47,362.6713
KHM,Cambodia,3565.6,49.5837556187719,23.3409228416044,,94.16,1938.76436741728,16.9044143710096,2.92073477592949,16974305,59.8908141871153,37.1315873016896,39.6320832073133,60.76269913,77.1,21.9,33.3949915672468,32.524222340901,28.7743580260272,12.3970993856871,31.6492661070635,121.842231182128,121.826219178824,6.21,-1.0917539,-0.643403,-0.1486895,-0.6885401,-1.14770479999999,-1.4431473,2.4,146.18,4.14,117.234785164989,71.91,10.1,10.44,47.01,25.77,519.6505
KOR,"Korea, Rep.",6826.1,281.478034251675,13.7602459016393,,108.55,34792.9397214598,1.66515978191584,2.49833333333339,51769539,18.8383473492215,5.34699533496314,4.79354168854125,97.57132698,100.0,,98.6713470938187,98.6826236627064,95.5551077428415,13.588254959598,257.124510837619,159.926120236306,159.926120236306,2.04,0.7614152,1.6261842,0.9005342,0.9879995,1.1681575,0.991734,3.8,75.31,0.06,140.516382791931,24.25,11.07,84.78,61.7,70.36,398.24784999999997
KWT,Kuwait,14702.4,1208.25,0.448933782267116,,116.09,26203.2617257856,0.473024818982534,3.42362947609188,4360865,0.0,1.99092694417687,0.176468835813886,99.7,100.0,4.3,,,,12.677167139351,66.4283558101992,,4.65565737536907,1.63,-0.0606404,0.0296612,0.1542147999999999,0.1641700999999999,0.1194986,-0.5604317,3.2,82.0,0.02,158.646854136291,12.17,10.33,21.9,,16.11,463.33465
LAO,Lao PDR,3993.8,72.1004901960784,5.30329289428076,19.9506876583424,181.18,2556.58912640405,16.0676970155249,3.75562036658877,7453194,62.661221731643,69.8577324066029,69.9478593832743,62.0,100.0,,37.3200289962313,37.8537503564048,28.7249334424894,3.06518077635758,27.6451973205243,,,4.16,-1.0773186,-0.7431648,0.583086,-0.742067799999999,-0.7575675,-1.3981687,2.4,,3.78,64.7101497693472,55.39,2.5,9.12,,19.55,583.9562000000001
LBN,Lebanon,2177.9,143.927716271112,13.8435679374389,,118.15,5973.41933892988,1.40016561487545,154.756096023393,5718122,10.034637954559,3.57626845572298,1.55777869920897,82.65599823,100.0,7.0,20.7030978086648,16.5927162989733,15.5081553870459,23.1964282935161,42.5885435335694,,,1.96,-1.2586741,-1.0567104,-1.3231817,-0.821736999999999,-1.0028379,-0.7622156,2.72,78.83,0.0,74.9935205999452,15.13,18.89,14.04,,16.26,391.2581
LBR,Liberia,1051.9,15.498,5.19102990033223,,103.2,621.927983063426,37.4176170873767,7.81559385858648,5259323,46.0775381140902,43.7763770463323,46.9155360922454,26.38229942,8.1,,51.6311457560752,44.1999602431587,42.8471732793079,3.13370541732795,3.85184624213227,12.8996951357409,12.6981253405117,11.4,-0.9896145,-1.32722149999999,-0.2103506,-0.945724799999999,-0.8429491,-0.187357599999999,2.4,,17.95,31.429900768597,67.87,2.55,1.27,4.98,19.17,395.67095
LBY,Libya,673.4,14.7238372093023,0.977528217602328,,118.22,7731.35448152581,1.9292341608539,2.86833027751019,7135175,12.1634981728165,10.8195844563305,7.11397542951866,77.438797,,,,,,12.1667982475637,11.3946343793649,11.0391738497626,10.9582046319331,5.52,-1.5502152,-1.4589466,-2.2069296,-1.9018167,-1.56279409999999,-1.26873449999999,1.9,164.28,0.7000000000000001,195.117849246865,45.74,9.91,3.76,4.26,5.98,438.85044999999997
LKA,Sri Lanka,4541.1,153.93804664723,22.1791141286777,,128.88,4357.97225779491,8.78994016463402,7.01478071238195,22156000,80.1733724804731,27.2756790552661,29.1974347869667,44.45308724,100.0,7.4,89.2707132323262,89.2774734204631,76.9279071770383,17.287226773206,,,,3.32,-0.3367364,-0.2353399,-0.510938,-0.1629445,-0.2315397,-0.2581614,,41.23,0.4,135.522602889503,29.5,14.08,,,60.1,629.42425
LSO,Lesotho,972.5,15.7719609582964,7.42424242424242,,92.6,955.221236301503,5.95625262808585,6.04774591950676,2261542,59.3448239148003,32.0326529888304,21.0206157671744,45.05670166,37.7,,,,,3.59159566614123,13.5017392634568,22.3287794465889,22.0192211863146,12.966666666666669,-0.1543581,-0.7136054,-0.1334002,-0.6526333,-0.401743299999999,-0.2217516,2.28,139.19,29.59,80.5368195682415,61.66,2.93,4.45,8.62,5.33,404.99305
LTU,Lithuania,3937.2,139.684510750329,36.3999361124421,,91.37,18569.7057246217,3.39582123831296,4.68354420903453,2808380,31.8087882995605,5.3128209610804,3.51968388701888,86.93054425,100.0,0.7,93.5322396656764,90.3759802179306,74.0837038828211,11.1129913394438,42.6839894628636,37.2020567095125,37.2020567095125,4.45,0.9249581,0.9787009,1.0111257,1.1708847999999998,1.2107283,1.134426,3.4,154.81,0.49,133.357273318046,28.19,9.05,14.07,14.35,40.39,353.96605
LUX,Luxembourg,5593.3,226.997694967345,24.2660596785345,,120.06,110873.185245175,0.194861687098922,2.52692009066166,640064,5.4138256603467,1.19588974901356,0.52156329533173,98.66086333,100.0,,,,,56.6697509875401,99.4043173060129,102.997694439279,102.997694439279,0.82,1.9638476,1.9512038,1.1450494,1.8555011,1.7333366,1.6761180999999998,3.6,397.51,0.09,136.87108956478,24.64,46.16,32.78,39.74,39.56,339.29305000000005
LVA,Latvia,3900.2,111.814977973568,21.8865498955488,,102.53,16070.1680032322,4.20672251535361,3.27582937431165,1884490,31.8191208536307,5.6409265751152,3.15059947452062,91.17964988,100.0,0.5,96.6187204898816,97.5525993090574,90.9818101998532,6.54083113838135,57.0435946395373,32.452830258812,32.452830258812,1.41,0.8423495,0.8795712,0.8069841999999999,1.1028018,0.9839815,0.9910654,3.5,136.8,0.24,114.644670333429,34.88,5.33,18.81,12.52,45.04,290.44875
MAR,Morocco,2328.7,58.2241595588995,15.9842189110464,,112.1,3309.130859375,11.9779439009277,1.40195883962006,36954442,37.6826723399711,31.2337647364311,44.908605252682,88.13031937,100.0,,44.3728342386603,32.7023454022166,36.9131367453721,22.4515822539656,29.2766567739344,86.0589211866219,61.814096620738,4.87,-0.4783966,-0.1241745,-0.4686437,-0.0751135,-0.4447944,-0.696885,,75.52,0.66,138.911268095998,40.0,18.29,9.65,33.2,26.15,700.9533
MDA,Moldova,5157.7,46.5772751750135,56.4609303739739,8.66747671121912,75.83,3688.16729442144,10.5865870134286,5.10641129002835,2595809,58.1884574890137,56.5983758747449,58.2776016204574,74.91899872,100.0,,64.2455175635428,62.9240254361984,39.9513794576381,31.0806208245924,55.3398380060748,28.5309349890981,23.3743391222692,0.87,-0.550342,-0.210143599999999,-0.0451684,-0.0862631,-0.2519381,0.0252853,,88.47,0.0,128.983642317657,110.73,25.32,18.25,11.01,31.49,353.25064999999995
MDG,Madagascar,2776.5,6.52566666666667,5.15641113784806,,94.44,431.599103077746,22.5220913616157,5.81225118787715,29691083,68.8862876783964,71.0617201574972,69.9767446829326,13.74590015,10.9,39.8,,,,2.88755578161427,3.08158126891641,17.8524446782585,17.7786025234266,14.5,-0.9473613,-0.9458829,-0.4612648,-0.8689985,-0.893154,-0.556467199999999,,55.22,44.43,53.9177233784298,425.47,2.35,1.02,6.89,3.42,448.83685
MDV,Maldives,2442.8,110.25641025641,13.0,,99.44,9759.2219360708,5.30620397187521,0.543149688737013,516154,59.2601351289517,13.028575365589,11.0082943068329,81.95760345,100.0,,,,,14.9434354223113,42.6255371062649,39.3089828252313,34.8607082868537,10.5,-0.1632074,0.1471020999999999,0.4430279,-0.2598203,-0.1352825,-0.1371966,,142.61,0.0,136.789214071769,22.16,12.17,14.06,15.17,13.8,381.26439999999997
MEX,Mexico,3878.9,101.244572127351,11.1488039301422,6.24613726871408,117.46,9728.05680032556,3.78266528758294,5.68920847683753,127648148,21.0675992581943,13.3118150499106,4.96032293173474,75.62650476,100.0,12.8,,,,12.2265389848338,63.5567592936892,35.0570605505008,26.1189526428014,2.7,-0.8733867,-0.0457428999999999,-0.736204699999999,-0.191282199999999,-1.0248188,-0.17373,,83.07,1.5,99.09481491263,38.31,9.96,20.96,13.53,14.82,482.58475000000004
MKD,North Macedonia,3537.8,50.4916067146283,16.5344964314036,,90.66,6064.92315120022,7.14748884425831,3.23074912132928,1837114,38.3158024371861,11.0754228532987,9.72558602197042,81.873703,100.0,,85.2886912768171,79.905357208427,73.0171103385866,25.1626656082783,63.6200385611365,55.501013341123,53.2028318866571,1.52,-0.3856405,-0.0787865,0.0908151,0.2238641999999999,-0.117091,-0.0157161,,146.72,2.4,104.875134243923,70.07,20.5,20.98,21.41,43.16,392.52465
MLI,Mali,1441.2,8.08943771730008,6.83582065088224,,125.88,872.332509419855,32.0375587266747,3.92560283104277,22388630,70.2950361746022,66.6278660210681,64.718171605791,33.95650101,18.3,22.1,43.5009858331426,41.2116643517937,38.5670824162883,4.40841041398445,4.62535974538132,,23.7090520643006,11.5,-0.896400299999999,-1.1810763,-2.3319481,-0.6697155,-0.882688199999999,-0.811539599999999,,56.72,11.06,108.693122357196,178.16,3.59,1.53,,21.22,
MMR,Myanmar,3740.7,38.6606005459509,16.8385248287802,,35.48,1136.99566055698,22.7852901568211,,53387102,69.7631187470302,46.5899395765067,40.2959471812487,,62.8,,47.7910290706127,46.1505017519645,26.2498362882035,,,,,4.83,-0.9391159,-1.54162579999999,-2.09394989999999,-1.13693469999999,-1.5648147,-1.4221985,,,1.61,127.240645128106,96.76,,,,36.2,638.73175
MNE,Montenegro,3193.4,311.910112359551,0.661710037174721,,104.19,7198.30460781272,3.7713187551422,2.41080198403165,625053,34.6733968682325,6.38417392888592,5.48332891129389,82.21969752,99.4,,,,,33.7525092325943,77.3741732115611,52.6094666497158,52.6094080327745,1.32,0.0383454,-0.0246248999999999,-0.0332398999999999,0.2209769,0.0178112,0.0861181,,105.72,1.52,185.488473149833,10.24,27.49,25.51,20.3,24.43,435.00334999999995
MNG,Mongolia,1420.0,36.1616429275308,0.719629831519216,0.0395838555492778,124.81,4063.53669849245,13.1631741927742,7.35894657888155,3383741,30.7846755981445,29.6458744199708,27.4273482606072,81.60682285,100.0,,98.4550191343593,98.9679816875415,96.5344670696413,61.5811184245136,46.3737209097737,47.4863808095992,47.2279239979671,7.0,-0.6644684,-0.3519979,0.7338327,-0.1284159,-0.1731689,0.1480496,,119.1,0.15,140.352142155192,39.27,50.16,15.29,18.32,55.85,378.19110000000006
MOZ,Mozambique,997.3,12.2569911504425,7.18482158752766,,132.86,588.215854695416,26.8945913502365,6.40847652975692,31707800,65.5500740598446,73.5138779786709,82.2596906801104,16.35759926,3.8,,49.4927479032385,38.6894724403886,39.1147091164726,3.7643270008865,9.06206367713411,23.0205800775002,22.4523741585311,13.2,-0.809070699999999,-0.8185849,-1.2675269,-0.8186743,-1.0487663,-0.7863927,,112.08,67.23,43.1636190464176,81.37,3.07,2.99,8.88,18.55,373.96075
MRT,Mauritania,2035.6,11.3155555555556,0.436596487823809,,107.69,1520.3111804259,19.1485811289032,3.56516484650185,4734874,42.098464858359,35.267475308936,32.847483095417,35.63660049,,17.4,,,,12.2186396655904,11.8076150896836,,,12.4,-0.879153,-0.848290299999999,-0.5222228,-0.969900299999999,-0.8740834,-0.894332599999999,,88.31,3.31,137.540323142707,179.89,9.95,3.89,,6.92,569.4255499999999
MUS,Mauritius,8640.6,186.493333333333,37.5563345017526,17.7906976744186,103.38,9804.0031863121,3.2413713398879,4.02852888157376,1266334,60.922852684278,5.3394164147472,3.00381974054021,71.59999847,99.8,,90.5263443555157,89.4044601586197,85.1820047873777,15.061881598454,42.6279667880774,85.4118917320828,85.3838865135678,9.0,0.416008,0.738763,0.9264413,0.9383776,0.7212841999999999,0.3693402,,135.19,0.06,154.053185977432,46.33,12.27,14.06,32.95,46.77,463.50985000000003
MWI,Malawi,2319.1,41.86125,42.4268137462877,,175.45,569.968967322435,25.5328304255348,9.33014410835212,20047258,83.5118074199306,65.2502232184304,71.1416384359179,15.30300045,5.6,,42.7078088726996,38.1372666808747,33.3156998960915,1.99890254943215,4.40466136998766,8.23959919600957,7.98628300017953,13.080000000000002,-0.4316195,-0.6797637,-0.102843499999999,-0.6948634,-0.2454536,-0.0757201,,44.6,55.94,59.5599408158462,55.4,1.63,1.45,3.18,15.54,490.65125
MYS,Malaysia,3768.1,2148.04861203669,2.51197686805661,5.15692451289231,100.39,10388.2667120857,9.56621458844467,2.47710241465447,34282399,24.4911371808093,10.2892948363062,5.3156240937413,96.7514278,100.0,,88.3748841160555,87.5146527341944,71.6734369523292,8.45937989806989,52.7822003512111,127.260894609567,127.231986109747,2.71,0.3015023,0.8036415,0.196108,0.7295908,0.3016338,-0.2516963,,134.04,0.0,137.684938559871,1.75,6.89,17.4,49.1,46.52,392.5575
NAM,Namibia,471.2,3.72625,0.971711061715799,,84.32,3809.80753359714,9.56300379482636,3.61690530108814,2810548,50.9428118516204,23.4867406996678,22.5471113410405,60.25999832,33.2,,71.3463883283129,69.3141073299826,61.2900805444859,9.47905469662378,74.0357540030419,68.8473248696811,58.1907291880646,8.299999999999999,0.3260821,0.1596202,0.5136088999999999,0.1492446999999999,0.2859048999999999,0.4148382,,83.54,14.46,103.727351391971,126.45,7.72,24.41,26.56,37.86,377.03405
NER,Niger,360.5,0.469265536723164,13.9733164916713,0.577494983744112,119.28,523.263179518652,36.4810258004149,3.8378680284051,24502140,82.7704063333314,74.9532795384677,78.9221714449524,12.45689964,9.1,44.4,,,,1.58103146647876,1.86778717363422,,12.9760915316451,12.36,-0.5632509,-0.639504699999999,-1.4793091,-0.694466399999999,-0.598975199999999,-0.5571309,,37.02,34.02,61.5063092448251,768.22,1.29,0.62,,0.96,476.5878
NGA,Nigeria,1621.9,17.9649598611412,40.4844252665327,,111.54,2206.66406250067,29.3882780431661,16.9528457221608,218529286,39.4301454616396,37.2704903104597,27.6861396885078,35.50979996,26.3,33.8,45.3166327186278,34.9640811024201,25.797500270357,4.2411550331707,15.9921207221934,9.73322136915709,8.82716232592948,12.725,-1.1909306,-1.0500622,-2.0135756,-0.8726579,-0.926327599999999,-0.7594776,,,17.16,89.2915858426408,90.28,3.45,5.27,3.76,14.65,350.1737
NIC,Nicaragua,2403.1,68.707252162342,12.4896127638358,,129.99,2128.30881395452,15.7299123972627,4.92841396948968,6644741,41.1407470703125,31.6590005886902,9.92412147803831,51.62039948,66.3,,26.0328025128629,21.5666503926023,18.1395867599431,7.91224795106181,21.4820663367878,28.0130754323242,25.4773411784774,9.13,-1.237514,-0.7550562,-0.4075357,-0.8867041,-1.474372,-1.3557067,,106.21,2.7,93.8165084237294,34.98,6.44,7.08,10.81,12.81,485.57044999999994
NLD,Netherlands,7850.7,273.255234297109,29.7891297891298,,103.83,49780.8440526836,1.65464640233302,2.67572008805385,17533044,5.3705216779685,2.14689767197521,1.43375087174451,92.05298013,100.0,,99.7331679359432,99.4745092687439,100.0,5.44719845588461,33.1826860088336,93.8807694464696,93.8806572822612,0.52,2.0280226,1.8535742,0.732977,1.8243489,1.7767646,1.7227024,,163.15,0.06,123.447849713072,28.73,4.44,10.94,36.22,50.21,281.02810000000005
NOR,Norway,4183.7,210.72263681592,2.20715403409559,,103.99,77812.7115614383,1.59886917714459,3.48388055266669,5408320,17.1387122773044,2.4175483600096,1.01983407133656,99.0000036,100.0,,99.4777714580126,100.0,97.6520279899277,,27.1002891068639,137.565053651411,116.227802895097,1.44,2.070812,1.9916736,1.0721678,1.6492378,2.0582629,1.9844255,,71.22,0.1399999999999999,109.585637519783,19.85,,8.94,53.08,64.92,367.45279999999997
NPL,Nepal,3063.2,112.611046459612,12.8107938611789,,142.15,1062.7888430629,22.0214522788058,4.12676744440695,29475010,33.855764725478,24.9920844414884,39.19693263314,40.98910141,,,54.0026922540655,49.9032744022651,51.00333589167,22.412247187329,20.3940604008411,103.651351375401,103.526155579109,7.98,-0.624520499999999,-0.9460782,-0.2520173,-0.6375284,-0.3560122,-0.1442262,,43.05,0.58,129.645418271275,27.2,18.26,6.72,39.99,33.18,616.7186
NZL,New Zealand,8809.4,1445.04545454545,2.33944779917208,,102.49,41490.1148198326,5.76844884341389,3.94112060778728,5084600,16.1700617414095,6.06790738697123,4.30461378827731,91.99060059,100.0,,98.7523814505022,99.2437470303567,96.528346885487,17.6807872557464,53.7418744963206,155.546350252594,140.761278176643,1.84,2.1244607,1.6029686,1.3569818,1.8534819,1.7303955999999998,1.7410291,,48.54,0.02,114.454714130458,6.1,14.4,17.72,60.01,57.58,323.86084999999997
OMN,Oman,25977.8,380.136619341013,0.241227786752827,7.3044972787167,106.69,18291.3387983888,2.39218489397188,1.68221185876085,4500424,19.8760057896431,6.17184361793841,0.618446818531096,95.23880005,100.0,,,,,16.8863758363514,50.3570456515165,68.18634950316,68.1356758999911,0.26,0.0233919,0.102771,0.3902352,0.4254017,0.2255116999999999,-0.7945707,,95.95,0.04,135.076972756826,68.34,13.75,16.6,26.31,18.89,280.9405
PAK,Pakistan,3489.4,161.930184940555,39.2797841427978,54.0623091020159,120.9,1595.02792175422,22.6625080760743,9.49641577285205,239477801,62.0666604485827,37.098033495337,67.7647351333188,,91.9,,20.9806311316514,13.4784970707722,15.3094835682753,10.4692959746931,11.4506425634055,15.3401397751102,15.2943429989133,4.82,-0.906181199999999,-0.5170351,-1.6496402,-0.6543467,-0.8231206,-0.9211047,,27.03,3.34,78.8012296805749,21.55,8.53,3.78,5.92,9.4,417.30084999999997
PAN,Panama,3515.9,123.909734513274,7.61660825020221,1.89569049142811,101.11,14552.9401400295,2.80289216669708,1.63070337301898,4345405,34.1907697310831,15.6650358804232,8.52680020892446,66.04270172,,,44.9670337532433,43.1090221705505,31.2156961266368,19.6428989671083,73.3876193524713,,78.4663245187277,1.65,-0.5235702,0.2101815,0.3538331999999999,0.2114141,-0.230409999999999,0.4667899,,80.13,1.22,147.899862038176,28.37,16.0,24.2,,28.63,409.2672
PER,Peru,4703.6,111.824219121478,3.35179375,,120.16,6547.84718181776,7.12266347558469,4.27166381536798,33155882,16.0519881727639,25.9252635884935,25.5222703699318,71.10782643,83.6,11.5,57.4978561461709,53.0286765478848,40.9253994785679,5.40700212008432,118.611831317799,47.1314277768001,47.1314227291696,2.5,-0.509709,-0.0563454,-0.334168099999999,0.0848324999999999,-0.5208197,0.2154894,,55.43,2.37,129.993736857913,42.06,4.4,39.11,18.18,31.13,376.3588
PHL,Philippines,3832.9,232.025402504472,18.7476942683704,,86.51,3350.97587587776,10.0691640204876,3.92718022100332,113100950,45.5495897489224,24.325505789458,15.4484408461727,66.90779877,96.5,26.7,51.3717638928697,47.4188134768543,32.7689810781991,8.99353408601811,29.100761529216,49.9413249106511,49.9413218056665,0.65,-0.5743865,0.1562797,-1.0935816,0.0148496,-0.6736731,-0.374633899999999,,63.48,3.58,144.424289981649,16.52,7.33,9.6,19.27,23.28,622.1315500000001
PNG,Papua New Guinea,4817.3,108.212121212121,0.728702027116548,,106.22,2378.3716816549,18.9927879202426,4.48359014042398,10012896,85.5601657177647,37.6482786053082,38.9969052489108,16.55960083,14.0,,,,,1.41350378550142,7.20579647174091,17.409571816553,14.2129981069473,0.12,-0.6567906,-0.9081302,-0.747625099999999,-0.751495399999999,-0.6493713,-0.074268,,,29.14,48.1179470954257,44.52,1.15,2.38,6.72,3.42,194.38074999999998
POL,Poland,4562.5,156.061016337215,36.1940542306436,,113.64,16368.6239689025,2.24552304361646,5.05502704719272,36981559,40.1903486794457,9.0964773184197,7.83971994488318,85.37490906,100.0,,95.7201672270221,95.6897434226086,71.3053178578423,23.2613779081144,66.976240307094,45.7278891219221,45.7269873808856,5.7,0.6869719,0.5887761,0.5651963,0.6736094,0.4098572,0.369436,,110.87,0.0,132.987203939653,29.24,18.95,22.08,17.64,45.13,377.32605
PRI,Puerto Rico (US),3410.5,48.9243027888446,5.65952649379932,,83.5,28416.6231262223,0.673046024208234,,3262711,5.9449287402698,1.2969046565989,0.425320130233222,84.78666399,100.0,,,,,,,,,9.0,0.5017098999999999,-0.3916752,0.4249881,0.7802388,0.5130714,0.6433907,,96.75,0.3,112.540413929626,69.71,,,,,
PRT,Portugal,5379.7,184.54629978464,10.564565921734,14.5316572173883,106.75,20747.6990734163,2.16204629838151,1.26565719069044,10361831,38.9048750703403,2.82638786857103,1.65831495559772,82.30902804,100.0,,92.6495073207262,90.1829437176053,89.8884394206447,30.6930857365021,162.77581318023,98.848509456936,98.7525990646982,2.31,0.8188181999999999,1.1677599,0.9584396,0.7505542,1.1690784,1.3627614,,85.87,0.15,119.768700781718,29.15,25.0,53.67,38.14,59.38,345.0053
PRY,Paraguay,3823.1,149.331574882126,11.1639020891014,,113.41,6278.11006663809,11.2789007802653,4.787983101236,6684182,32.6941387227579,19.7142607800408,14.7103350396869,77.01838621,100.0,,54.419977087987,55.3486348795502,43.6058509044759,10.4028837213994,28.0142303042938,49.4128286155417,49.3966248190028,7.97,-0.905500299999999,-0.5769998,-0.0550381999999999,-0.1860035,-0.5280024,-0.1702578,,69.74,0.88,119.312639901188,25.6,8.47,9.24,19.06,27.14,438.68985000000004
PSE,West Bank and Gaza,2922.9,216.109785202864,6.95435684647303,,118.46,3051.48607007995,6.31674857805511,1.23748102831369,4922749,13.665043612663,6.7985819650366,7.77232351566152,,100.0,,33.6425508866377,25.927658065924,30.5021843463976,13.0836361427438,23.6974021973165,47.3295160416368,47.3178079179414,9.0,-0.5922462,-0.6289954,-1.6333144,-0.1524659,-0.8929068,-0.9995573,,73.08,0.37,78.1621094563592,13.53,10.66,7.81,18.26,18.63,
QAT,Qatar,8431.1,240.238095238095,1.82767624020888,17.5675675675676,184.84,65488.5460040395,0.298215445756429,2.30446565742003,2504910,0.796591091756994,1.30790772805352,0.0105720326875821,99.65280151,100.0,5.4,,,,9.36260117792122,58.560420575111,123.316526882953,122.882297374756,1.14,0.8394432,1.1277682,0.9259515,0.8424347,0.5003341,-0.883610399999999,,92.78,0.0,137.709548409191,35.09,7.63,19.31,47.58,24.84,489.4796
ROU,Romania,5187.8,98.3148579413135,37.3261474269819,2.63781634681551,86.34,11546.3224998072,4.616339720378,5.05232876096582,19122059,47.7678487869189,11.7517661369975,9.17170043377605,83.5904265,100.0,,69.1155037619615,65.7444313957273,37.4874601418254,21.7905654511612,63.0986022152516,26.4890320985714,26.4890320985714,1.57,0.0096051,-0.0777119,0.6671952,0.3145915999999999,0.4615580999999999,0.5429149999999999,,87.07,0.0,119.123068432356,52.77,17.75,20.81,10.22,30.4,445.51169999999996
RUS,Russian Federation,2705.4,27.5029634440069,7.42809828740168,,111.81,10231.318359375,3.67156378990517,6.69445891957612,144746762,25.2483159779748,5.92047768348316,3.96553393516241,88.21384578,100.0,,89.7193266222482,90.1117314127973,82.2854665234015,22.7610485209332,154.66312153624,54.6422447762479,54.6413312975395,1.11,-0.7788442,-0.1170517,-0.5061895,-0.3720054,-0.902773199999999,-0.9937267,,50.59,0.0,169.07261384221,98.37,18.54,51.0,21.08,52.6,424.1884
RWA,Rwanda,1519.0,23.9009776095869,51.4146736927442,,93.91,896.271033574985,24.0706966220179,-0.391346748300791,13355260,73.8950907237167,56.206302149877,65.9008520901618,24.4416008,38.2,,,,,3.30631876413694,4.09643170409614,25.3431515385739,25.2244380312052,14.0,0.4694992,0.2102833999999999,0.1152329999999999,0.1620438,0.0190329,-0.5382498,,54.29,32.9,81.6381635400584,63.55,2.69,1.35,9.78,4.61,213.99949999999998
SAU,Saudi Arabia,4727.5,117.363282656307,1.59577287888021,0.409296574597168,161.31,24922.6716948944,2.44812792691627,3.06328988941548,30784383,16.0283650013462,2.6655266104703,0.492063762534825,100.0,100.0,,74.320746724648,63.4868326016391,76.8009341415257,7.42697150484686,62.3398359087704,,,1.66,0.2365231,0.3884751999999999,-0.4672131,0.3876301,-0.1658751,-1.5214302,,50.88,0.01,145.003757775499,40.28,6.05,20.56,,41.72,606.63365
SDN,Sudan,515.0,7.10302452964992,11.2392933618844,,105.32,1009.54888916016,6.35709212800824,359.093040778999,48066924,65.3578436572006,40.1557609490117,51.3794365166484,,49.4,,,,,,,6.61986449215035,6.61986449215035,11.3,-1.292527,-1.4426029,-1.7826483,-1.48846139999999,-1.3405003,-1.4649309,,4.13,4.569999999999999,71.767230205952,72.5,,,2.55,2.55,
SEN,Senegal,1854.7,8.83916449086162,19.893003687737,,132.73,1414.5395109385,15.5512646222076,2.18032278088147,17220867,47.7739707808845,29.3983318330906,24.1985471639918,55.04040146,43.4,,55.9644071481718,50.2954307722249,51.2925390162684,5.65678188120555,6.89801819326863,,29.8741461881006,12.15,0.0360917,0.1309277999999999,-0.1040585,-0.2406738,-0.1485159,0.0312057,,69.38,5.76,115.325093678501,209.83,4.61,2.27,,27.12,546.3064499999999
SLB,Solomon Islands,1896.1,11.0869565217391,0.821722043586995,,101.19,1880.5519827183,34.4855549167345,-0.115437894412839,762591,71.3110603179422,43.6836086824754,45.2834077636551,26.03790092,75.4,,,,,3.95900335583755,13.7400704702597,32.8265544242241,20.7694841085921,9.0,-0.1748432,-1.1196101,0.4456004999999999,-1.057786,0.0153529999999999,0.3280919,,67.42,22.74,62.1565164026326,171.02,3.22,4.53,12.67,6.81,266.5376
SLE,Sierra Leone,1967.5,2.66603535353535,21.9451371571072,,106.48,1045.7661615758,33.6443430993994,11.8739588840234,8094602,56.2654614026301,47.2521757576068,46.6868878407804,18.65390015,4.9,26.3,28.8466044614564,24.7575759889273,20.7155241345507,,,4.22614923062742,4.20371748889846,14.8,-0.478002999999999,-1.01218269999999,-0.2367225,-0.913476699999999,-0.759120999999999,-0.279553999999999,,42.14,17.75,101.636782141976,737.99,,,1.63,15.7,442.55154999999996
SLV,El Salvador,2950.3,92.1941747572816,34.7972972972973,2.01028686125282,94.69,4247.54750394978,4.81225514872015,3.46692585313082,6255782,26.3161468505859,14.8723298233351,3.33215412830371,57.26380157,94.1,10.0,35.8453551303162,29.2329767541683,27.9580794195859,9.27991883164329,37.1836747667913,61.139568580911,52.5226858169261,3.41,-0.5616664,-0.2484854,-0.222007099999999,-0.2893204,-0.83512,-0.334136999999999,2.7,81.85,1.05,176.973446325336,32.0,7.56,12.26,23.59,20.12,465.41515
SOM,"Somalia, Fed. Rep.",314.0,1.34159090909091,1.75343513884018,,99.67,461.627830725978,,,17271431,47.0939350266676,30.9554838875966,34.9768287594198,23.87479973,30.6,,,,,,,3.36973144089423,3.36952518633344,12.866666666666667,-1.6031075,-1.96354459999999,-2.60696149999999,-1.7880177,-2.16817529999999,-1.6566375,,79.1,45.2,51.2059481348129,234.05,,,1.3,1.3,
SRB,Serbia,5770.0,74.9854684512428,31.0976334879296,1.49210903873745,106.33,7465.67601077148,5.15586469879064,4.08510285335102,6834326,38.636100769043,19.1455754337769,18.300433964438,81.16588116,100.0,,89.4157368417161,89.8283418670885,80.4249166689867,26.164142188203,52.857370095802,41.4324145562729,41.3853568660942,3.35,-0.4707878,0.0628473,-0.0436914,0.0556174,-0.1926347,-0.2621982,,112.34,0.0,125.075587327252,76.95,21.31,17.43,15.99,45.0,653.40475
STP,Sao Tome and Principe,2003.8,49.25,4.16666666666667,,107.87,1428.28676097975,15.2661766239364,8.13777038378732,221961,31.8261032104492,12.6762052438681,12.1197078221403,54.94950104,73.7,,,,,17.1924054417701,30.647331439677,17.688068697072,16.6792214561693,9.0,0.1620477,-0.5922232,0.6052679,-0.8221936,-0.3937827,0.137464,,,4.48,85.2577705092336,40.69,14.0,10.11,6.82,10.31,385.3889
SUR,Suriname,4638.3,175.48275862069,0.361353583172785,74.3589743589744,125.22,6973.89941868115,9.67766403232661,59.1196626251977,617896,34.0146026611328,7.38375492333422,5.89789336444109,,97.5,,,,,10.6511396719449,41.0512674856209,18.1047543764174,18.0622397801637,13.25,-0.311597299999999,-0.298960499999999,0.3607899,-0.6285837,-0.1971687,0.0873419,,,0.32,146.654129497521,26.43,8.68,13.54,6.99,9.74,380.03435
SVK,Slovak Republic,5976.8,134.493966817496,27.5790349417637,1.37931034482759,91.65,18808.4540496595,1.87136287988656,3.14960629921268,5447247,46.8098520129395,3.21457019174198,1.78852097904141,88.92560523,100.0,,95.6196968335478,94.010055220096,70.752745965113,21.1253804423498,63.0487852251533,65.1124824665326,65.1085567246491,4.71,0.3575001,0.7366756999999999,0.5857562,0.7412158,0.7070856,0.9886718,,181.98,0.1,135.268252737261,44.44,17.21,20.79,25.12,45.58,293.64615000000003
SVN,Slovenia,6864.8,249.025194123233,8.88987107923959,0.762734057876129,105.74,24665.4410464026,1.51147755118796,1.91706506089259,2108079,44.6953710570412,4.0502972584825,3.68127086248113,89.00399524,100.0,,99.0496614015272,98.1532130683311,96.811026568068,22.5964052698844,79.814530495359,41.1011816349725,41.0973378758622,16.57,0.6986582,1.3440925,0.7356372,0.8294744,0.9260486,0.9366208,,161.79,0.0,123.362924143622,27.57,18.41,26.32,15.86,51.11,400.82840000000004
SWE,Sweden,5064.7,112.910453648915,6.22421921037124,,99.69,53997.1337068799,1.15942751247748,2.16319736447143,10415811,11.8258348041685,1.98350781851788,1.01151064393724,94.6703163,100.0,,99.6887646957821,100.0,100.0,11.4225696207952,26.8821250319837,136.797864800213,136.795889814241,3.62,2.0899139,1.9668155,0.9471541,1.6807618,1.7883137999999998,1.7654717999999998,,91.11,0.27,124.96149481991,44.86,9.3,8.86,52.78,54.19,319.94805
SWZ,Eswatini,1438.5,91.1864406779661,10.2906976744186,,100.3,3719.03838239806,7.17040128400091,,1206593,74.9843819474827,13.4021810780493,9.77944809376088,53.99530029,79.1,20.0,,,,6.19650671933697,39.7609181157455,20.823247149558,20.7547241619356,16.1,-0.5806756,-0.723303399999999,-0.428643699999999,-0.5237379,-0.6977002,-1.30526869999999,,89.93,27.24,118.627490794327,15.78,5.05,13.11,8.03,8.73,450.70565
SYR,Syrian Arab Republic,820.4,3.97545763623293,24.6694140391004,7.93653202674,99.41,734.334236323426,40.1284575405316,,21628839,26.9874992370605,17.0641786089251,9.68545696937237,,74.5,,,,,,,,,3.63,-1.79070699999999,-1.5265647,-2.37452369999999,-1.75501,-1.8887237,-1.89419689999999,,61.22,1.82,78.5558300193552,206.37,,,,,448.585
TCD,Chad,814.3,4.72377358490566,4.20902160101652,,136.0,857.527630579087,37.4420946884713,-0.77284437035914,17828273,74.7687753576925,72.1110082394002,74.2179981558111,9.653699875,1.3,31.1,,,,0.845197985403876,1.63479084018907,8.32290954891334,8.26969240189752,11.92,-1.4920803,-1.24045919999999,-1.689273,-1.0888251,-1.34307209999999,-1.4563133,2.42,43.95,21.06,58.0323175441615,172.38,0.69,0.54,3.21,1.48,
TGO,Togo,1149.5,2.06490566037736,48.7221915793344,,125.79,829.786700130989,20.550806619999,4.1862150652352,8878379,57.6894095484878,41.7112383890425,38.1724880564934,30.33839989,24.7,,49.6056349278117,44.2989014704426,42.2802899366706,4.97539213640241,6.42735482212295,,26.1587753453572,13.375,-0.6519768,-0.877012599999999,-0.6682329,-0.4817275,-0.6328001,-0.8905537,,56.38,19.47,70.4496733018494,556.68,4.05,2.12,,23.19,
THA,Thailand,3062.0,147.621182923214,31.6905791853432,,102.75,6121.52696529713,8.69291293050797,1.23039541318384,71727332,41.4912223815918,31.8973264305607,28.414559426659,85.26956666,100.0,,95.5769973139711,92.7033954124988,93.469928883793,9.37170450853131,105.02114530224,164.095042230688,126.775342478611,4.94,-0.3893452,0.2086191,-0.6963747,0.1032064999999999,-0.2575207,-0.8289886,,117.25,0.08,168.485285358167,20.74,7.63,34.63,63.31,58.35,505.00669999999997
TJK,Tajikistan,3885.1,90.3651551312649,6.03789898407666,14.7401991288115,185.05,1254.06999592306,22.4490805460825,,9966908,73.8008474848625,46.7764735457474,64.7954958915857,36.70560074,99.8,,39.4881617560099,39.4130052488885,32.167739572579,3.35494585149655,22.7749208765054,10.3441984160481,9.52542875491089,2.38,-1.0874541,-0.8282832,-0.3984715,-0.8413027,-1.2591682,-1.53082269999999,,71.83,3.65,64.0874682499327,42.99,2.73,7.51,3.99,17.16,484.53385
TKM,Turkmenistan,2121.4,270.933191276009,3.39539931479156,4.12565466108627,113.87,7248.70763225719,11.8079599602345,,7092043,52.9418589698289,23.3792405513415,23.4187494360733,,100.0,,,,,,,,,4.25,-1.36021099999999,-0.985300899999999,-0.224582999999999,-1.7112281,-1.5825855,-1.88003759999999,,33.06,1.17,88.1929367884543,7.83,,,,,455.31925
TLS,Timor-Leste,1201.9,1.25470852017937,7.49831876260928,,83.9,2015.82035757039,8.67018133853856,3.69792094666786,1350139,71.2072628265528,37.8435790720074,42.5568395613433,35.04199982,100.0,,,,,5.49882535730665,13.3375763985735,8.3759768535983,8.28774236414722,1.87,-0.3019067,-0.731625699999999,0.2660157999999999,-0.86557,-0.640091699999999,0.3299056999999999,,99.86,12.33,102.668836319816,957.91,4.48,4.4,3.23,4.04,486.8151
TTO,Trinidad and Tobago,1594.1,127.8,4.87329434697856,,82.81,15558.0940536829,0.908362622380658,2.05922746915458,1367558,46.0578721146152,5.37443956939749,2.83763915143877,84.36576986,100.0,,,,,10.0713113822063,40.285245528825,40.7829583273103,40.7159256087496,1.19,-0.2305843,0.332159,0.1561926,-0.0548088,-0.1513775,0.4704869,,,0.0,134.221562299819,12.47,8.2,13.28,15.74,12.41,416.94314999999995
TUN,Tunisia,1451.5,68.5179952671918,18.2241246138002,,104.96,3902.53322990199,10.0900379034943,5.706350208307,12048622,30.6002476229432,12.8817883838825,10.6901522753683,68.31552226,99.7,,36.853236511337,28.7473240351555,29.2645264587375,21.8851082862125,32.6375932506543,64.667534646183,64.6050164994358,4.47,-0.1415165,-0.0145066999999999,-0.6668946,-0.199470099999999,-0.0151282999999999,-0.0624493999999999,,93.63,0.12,129.846077003661,21.18,17.83,10.76,24.95,22.31,591.3036500000001
TUR,Turkiye,2918.5,129.527991549721,25.8318932474046,11.9798366982593,131.85,13670.938029516,5.70488171636816,19.5964926913324,84147318,10.8237951846761,17.1660738349434,22.7160423758274,81.40843745,100.0,,74.0916612877286,62.5451650030143,61.5382693108141,15.1516339839844,81.1270914741075,70.9983608541485,64.4913060674856,6.67,-0.3992138,0.0250833,-0.9721057,-0.123133799999999,-0.775344399999999,-1.0031695,,69.61,0.36,99.5415432248525,22.53,12.34,26.75,27.39,38.11,517.28895
TZA,Tanzania,1782.3,9.92579152008887,15.2432829081057,,136.97,1054.31726074219,24.7884506158783,3.69091958802199,62830412,65.6499888241381,65.9189768508938,67.7890847732208,22.87540054,23.3,32.7,52.4333347484758,46.0288815505263,46.7012915082421,2.45404630963862,5.71123504788625,12.9776126678886,12.9105158488777,11.15,-0.351543,-0.486840899999999,-0.5751002,-0.675339199999999,-0.5650588,-0.709892,,29.92,27.79,86.0162814148027,179.56,2.0,1.88,5.01,20.32,378.69845000000004
UGA,Uganda,1908.1,2.44246376811594,34.4105326152005,,99.68,919.401675217265,23.8418038272172,2.20457204757414,45910930,70.7637042210978,66.6586155375027,72.4248565383061,10.0,35.9,,65.914011087313,65.0628896875427,54.2593239824582,2.31977875597547,3.780085451418,14.7869665338727,13.2762291545362,13.4,-0.9322359,-0.5687509,-0.9440307,-0.4789234,-0.7277087,-0.9574486,,41.71,39.75,65.6220730009172,781.22,1.89,1.25,5.71,25.63,290.9634
UKR,Ukraine,5454.6,78.4872737212975,56.8243010010356,1.06993294764106,90.72,2426.6123046875,10.8857721063269,9.36313917695223,44298640,30.5972967346104,14.116201474496,11.6430172794025,79.21829353,100.0,,83.5648133398349,80.6856582690021,44.9383735061357,0.381990626864642,90.4349358727855,23.5556488725733,17.6240133553896,6.14,-0.8040912,-0.404859099999999,-0.990563099999999,-0.3585413,-0.5685603,0.0995611999999999,,82.7,0.0,135.025688989835,69.5,0.31,29.82,9.09,32.97,360.52875
URY,Uruguay,5496.8,211.07976366322,11.6043880699349,,105.97,17416.0052208869,7.73426774499001,7.74791402314762,3396695,4.5502853393555,8.99426583751583,4.03874181763039,87.64440155,100.0,,74.1272677007413,75.726963457999,65.3603089226492,9.70906145256254,278.302276412632,26.7129770999909,26.678879111275,6.22,1.6220519,0.8270962,1.1500797,0.7331802,0.9518641,1.2359324,,58.32,0.06,138.112989243956,26.04,7.91,91.77,10.31,50.22,386.20284999999996
USA,United States,8246.5,130.586361634967,16.6944952784501,,110.06,62680.2503585805,0.959566656543433,4.69785886363742,332099760,19.9925234859728,1.6624029464832,0.994607923075903,91.2684021,100.0,,94.9532296473716,96.7918915249746,57.715844054122,28.2451488106005,,223.841716689478,50.9891079420759,5.9,1.1247591,1.4427774,-0.126399999999999,1.4642419,1.0279752,0.8877303999999999,,25.61,0.88,106.324514306135,63.15,23.01,,86.36,65.97,295.5259
UZB,Uzbekistan,4774.4,296.838973133139,9.11397403399046,14.5247678139086,117.76,3442.7248445034,22.1547283093166,10.8492397508122,34243696,49.0730094909668,26.9945200455118,28.7054693756994,76.59043014,99.8,6.5,44.1347902834696,38.8183128905487,23.8513721184318,48.9314496889103,52.9984899116514,32.0554536910014,32.0554536910014,3.4,-0.7419446,-0.3035457,-0.221247,-0.6939061,-0.700166499999999,-1.0392373,,57.46,2.62,102.410090312681,16.08,39.86,17.48,12.37,26.48,475.01830000000007
VCT,St. Vincent and the Grenadines,14472.7,92.5,5.12820512820513,,91.59,8211.33588012942,5.2074867781098,1.57272932500558,102841,52.5445899260951,10.3199004858357,4.91776134231151,68.83339691,100.0,,,,,17.223773728824,38.1383561138245,46.2241449010807,46.2241449010807,7.14,0.7401118999999999,0.2995048999999999,1.0408786,0.141278,0.6474473,0.6155269,,,3.68,95.5173520288601,156.46,14.03,12.58,17.83,14.81,256.13875
VEN,"Venezuela, RB",3942.0,50.8861538461538,2.94767870302137,,83.01,1276.62381449407,,,28237826,10.8233555253109,9.77794667025743,3.13087788873471,74.11219788,99.9,,84.3948009275794,79.6660056431576,83.0016050786551,,,,,1.21,-1.58437079999999,-1.5198422,-1.2895082,-2.0857455,-2.3086878,-1.79431149999999,,29.23,2.22,60.2344883065715,77.47,,,,81.33,389.61560000000003
VNM,Viet Nam,5947.1,460.037860944934,21.6740633444895,,131.19,3358.21734764714,12.6030904652745,1.83471554810444,98935098,63.3459343573397,29.0283266030004,28.732682861946,74.20999985,100.0,,,,,2.91017603253463,27.0274154610089,124.282898747665,124.282898747665,7.9,-0.310677,0.0482402,0.1345844,-0.3447202,-0.310641599999999,-1.0661124,,186.68,0.3899999999999999,136.806313165021,12.93,2.37,8.91,47.95,19.74,596.2420999999999
VUT,Vanuatu,627.1,53.7,1.64068908941756,,81.76,2666.30269843855,24.0840967862876,2.34328358208953,305868,77.7498177577525,45.1036971983903,47.2859240265514,,60.7,,,,,21.0808837517803,56.5584686023374,60.9428290310797,60.7169212577988,9.0,-0.0360087,-0.8022922,0.9586235,-0.4321259,0.6224841,0.7174918,,59.95,7.140000000000001,81.6914485987419,11.68,17.17,18.65,23.51,19.78,368.8982
ZAF,South Africa,5493.8,104.638833333333,9.89209374407505,,104.22,5750.90937479584,2.45787199667371,4.61874544887136,61502603,36.5496074116091,5.69215855847902,3.72415974344547,74.96859741,93.4,,85.378111952418,86.1807916848531,76.0165888151312,9.47530867694664,53.9412751810931,93.1963897397387,57.9089018144775,7.1,0.0645613,0.0420935,-0.7738081,0.0177391,0.1210744999999999,0.6405126999999999,,56.16,11.64,163.12806305125,52.5,7.72,17.79,35.96,44.73,419.64779999999996
ZMB,Zambia,2525.0,63.9044736842105,5.11171794078478,,110.04,1269.10821808895,3.00091831533747,22.0207676245777,19603607,55.7646268589074,57.8091361014727,62.7032149310049,14.82190037,14.5,,48.521887299618,44.9844337455222,33.0219726794444,2.77863485036237,8.51692310811396,11.3595044648168,8.49521203441012,10.483333333333333,-0.6928953,-0.7266708,-0.158277199999999,-0.5122202,-0.6026535,-0.5563406,,86.21,58.25,103.28257957834,39.51,2.26,2.81,4.38,17.49,343.83729999999997
ZWE,Zimbabwe,1545.5,36.8689183303452,10.4083078712679,,116.02,1312.20001358807,21.4856530160599,98.5461050920624,15797210,62.1307941140627,53.6225329068476,60.1120928961487,32.5923996,31.6,,59.7459292908934,53.9752701929203,47.4616569684568,5.8181085773307,5.67001126808955,4.75952182207041,4.75950471597795,12.766666666666666,-1.1867823,-1.0994958,-1.0184197,-1.32535009999999,-1.263628,-1.176409,,44.11,32.84,90.2538486226365,41.92,4.74,1.87,1.84,21.98,365.81395000000003
